{
  "subject": "$IssueName issue has a new comment",
  "$ref-body": "api-management/templates/NewCommentNotificationMessage/body.html",
  "title": "New comment added to an issue",
  "description": "Developers receive this email when someone comments on the issue they created on the Issues page of the developer portal.",
  "isDefault": false,
  "parameters": [
    {
      "name": "DevFirstName",
      "title": "Developer first name",
      "description": null
    },
    {
      "name": "DevLastName",
      "title": "Developer last name",
      "description": null
    },
    {
      "name": "CommenterFirstName",
      "title": "Commenter first name",
      "description": null
    },
    {
      "name": "CommenterLastName",
      "title": "Commenter last name",
      "description": null
    },
    {
      "name": "IssueId",
      "title": "Issue id",
      "description": null
    },
    {
      "name": "IssueName",
      "title": "Issue name",
      "description": null
    },
    {
      "name": "CommentText",
      "title": "Comment text",
      "description": null
    },
    {
      "name": "OrganizationName",
      "title": "Organization name",
      "description": null
    },
    {
      "name": "DevPortalUrl",
      "title": "Developer portal URL",
      "description": null
    }
  ],
  "name": "/templates/NewCommentNotificationMessage",
  "__GitModuleVersion": 14
}