{
  "id": "/products/starter",
  "name": "Starter",
  "$ref-description": "api-management/products/Starter/product.description.html",
  "terms": "",
  "subscriptionRequired": true,
  "approvalRequired": false,
  "subscriptionsLimit": 1,
  "state": "published",
  "$refs-groups": [
    "api-management/groups/Administrators/configuration.json",
    "api-management/groups/Developers/configuration.json",
    "api-management/groups/Guests/configuration.json"
  ],
  "$refs-apis": [
    "api-management/apis/ProductStore__1[Current]/configuration.json"
  ],
  "$ref-policy": "api-management/policies/products/Starter.xml",
  "__GitModuleVersion": 14
}