{
  "id": "/products/standard",
  "name": "Standard",
  "$ref-description": "api-management/products/Standard/product.description.html",
  "terms": null,
  "subscriptionRequired": true,
  "approvalRequired": false,
  "subscriptionsLimit": null,
  "state": "published",
  "$refs-groups": [
    "api-management/groups/Administrators/configuration.json",
    "api-management/groups/Developers/configuration.json",
    "api-management/groups/Guests/configuration.json"
  ],
  "$refs-apis": [
    "api-management/apis/Resources__1[Current]/configuration.json"
  ],
  "$ref-policy": "api-management/policies/products/Standard.xml",
  "__GitModuleVersion": 14
}