{
  "subject": "Your subscription request for the $ProdName",
  "$ref-body": "api-management/templates/RejectDeveloperNotificatio4SC7CP/body.html",
  "title": "Subscription request declined",
  "description": "This email is sent to developers when their subscription requests for products requiring publisher approval is declined.",
  "isDefault": false,
  "parameters": [
    {
      "name": "DevFirstName",
      "title": "Developer first name",
      "description": null
    },
    {
      "name": "DevLastName",
      "title": "Developer last name",
      "description": null
    },
    {
      "name": "SubDeclineReason",
      "title": "Reason for declining subscription",
      "description": null
    },
    {
      "name": "ProdName",
      "title": "Product name",
      "description": null
    },
    {
      "name": "OrganizationName",
      "title": "Organization name",
      "description": null
    },
    {
      "name": "DevPortalUrl",
      "title": "Developer portal URL",
      "description": null
    }
  ],
  "name": "/templates/RejectDeveloperNotificationMessage",
  "__GitModuleVersion": 14
}