{
  "subject": "Your request $IssueName was received",
  "$ref-body": "api-management/templates/NewIssueNotificationMessage/body.html",
  "title": "New issue received",
  "description": "This email is sent to developers after they create a new topic on the Issues page of the developer portal.",
  "isDefault": false,
  "parameters": [
    {
      "name": "DevFirstName",
      "title": "Developer first name",
      "description": null
    },
    {
      "name": "DevLastName",
      "title": "Developer last name",
      "description": null
    },
    {
      "name": "IssueId",
      "title": "Issue id",
      "description": null
    },
    {
      "name": "IssueName",
      "title": "Issue name",
      "description": null
    },
    {
      "name": "OrganizationName",
      "title": "Organization name",
      "description": null
    },
    {
      "name": "DevPortalUrl",
      "title": "Developer portal URL",
      "description": null
    }
  ],
  "name": "/templates/NewIssueNotificationMessage",
  "__GitModuleVersion": 14
}