{
  "subject": "You are invited to join the $OrganizationName developer network",
  "$ref-body": "api-management/templates/InviteUserNotificationMessage/body.html",
  "title": "Invite user",
  "description": "An e-mail invitation to create an account, sent on request by API publishers.",
  "isDefault": false,
  "parameters": [
    {
      "name": "OrganizationName",
      "title": "Organization name",
      "description": null
    },
    {
      "name": "DevFirstName",
      "title": "Developer first name",
      "description": null
    },
    {
      "name": "DevLastName",
      "title": "Developer last name",
      "description": null
    },
    {
      "name": "ConfirmUrl",
      "title": "Confirmation link",
      "description": null
    }
  ],
  "name": "/templates/InviteUserNotificationMessage",
  "__GitModuleVersion": 14
}