{
  "subject": "Thank you for using the $OrganizationName API!",
  "$ref-body": "api-management/templates/AccountClosedDeveloper/body.html",
  "title": "Developer farewell letter",
  "description": "Developers receive this farewell email after they close their account.",
  "isDefault": false,
  "parameters": [
    {
      "name": "DevFirstName",
      "title": "Developer first name",
      "description": null
    },
    {
      "name": "DevLastName",
      "title": "Developer last name",
      "description": null
    },
    {
      "name": "OrganizationName",
      "title": "Organization name",
      "description": null
    },
    {
      "name": "DevPortalUrl",
      "title": "Developer portal URL",
      "description": null
    }
  ],
  "name": "/templates/AccountClosedDeveloper",
  "__GitModuleVersion": 14
}