{
  "id": "/apis/echo-api",
  "name": "Echo API",
  "apiRevision": "1",
  "$ref-description": null,
  "serviceUrl": "http://echoapi.cloudapp.net/api",
  "path": "echo",
  "protocols": [
    "https"
  ],
  "authenticationSettings": {
    "oAuth2": null,
    "openid": null
  },
  "subscriptionKeyParameterNames": {
    "header": "Ocp-Apim-Subscription-Key",
    "query": "subscription-key"
  },
  "isCurrent": true,
  "operations": [
    {
      "id": "/apis/echo-api/operations/create-resource",
      "name": "Create resource",
      "method": "POST",
      "urlTemplate": "/resource",
      "templateParameters": [],
      "$ref-description": "api-management/apis/Echo_API__1[Current]/operations/POST__resource.description.html",
      "request": {
        "$ref-description": null,
        "queryParameters": [],
        "headers": [
          {
            "name": "Ocp-Apim-Subscription-Key",
            "description": null,
            "type": "string",
            "defaultValue": "68d312d9cf3b4b3ca07be5abacaf8fc9",
            "required": false,
            "values": [
              "68d312d9cf3b4b3ca07be5abacaf8fc9"
            ]
          }
        ],
        "representations": [
          {
            "contentType": "application/json",
            "$ref-sample": "api-management/apis/Echo_API__1[Current]/operations/POST__resource.request.application_json.html"
          }
        ]
      },
      "responses": [
        {
          "statusCode": 200,
          "$ref-description": null,
          "representations": [],
          "headers": []
        }
      ],
      "policies": null,
      "$ref-policy": "api-management/policies/apis/Echo_API__1[Current]/operations/POST__resource.xml"
    },
    {
      "id": "/apis/echo-api/operations/modify-resource",
      "name": "Modify Resource",
      "method": "PUT",
      "urlTemplate": "/resource",
      "templateParameters": [],
      "$ref-description": "api-management/apis/Echo_API__1[Current]/operations/PUT__resource.description.html",
      "request": {
        "$ref-description": null,
        "queryParameters": [],
        "headers": [],
        "representations": []
      },
      "responses": [
        {
          "statusCode": 200,
          "$ref-description": null,
          "representations": [],
          "headers": []
        }
      ],
      "policies": null
    },
    {
      "id": "/apis/echo-api/operations/remove-resource",
      "name": "Remove resource",
      "method": "DELETE",
      "urlTemplate": "/resource",
      "templateParameters": [],
      "$ref-description": "api-management/apis/Echo_API__1[Current]/operations/DELETE__resource.description.html",
      "request": {
        "$ref-description": null,
        "queryParameters": [],
        "headers": [],
        "representations": []
      },
      "responses": [
        {
          "statusCode": 200,
          "$ref-description": null,
          "representations": [],
          "headers": []
        }
      ],
      "policies": null
    },
    {
      "id": "/apis/echo-api/operations/retrieve-header-only",
      "name": "Retrieve header only",
      "method": "HEAD",
      "urlTemplate": "/resource",
      "templateParameters": [],
      "$ref-description": "api-management/apis/Echo_API__1[Current]/operations/HEAD__resource.description.html",
      "request": {
        "$ref-description": null,
        "queryParameters": [],
        "headers": [],
        "representations": []
      },
      "responses": [
        {
          "statusCode": 200,
          "$ref-description": null,
          "representations": [],
          "headers": []
        }
      ],
      "policies": null,
      "$ref-policy": "api-management/policies/apis/Echo_API__1[Current]/operations/HEAD__resource.xml"
    },
    {
      "id": "/apis/echo-api/operations/retrieve-resource-cached",
      "name": "Retrieve resource",
      "method": "GET",
      "urlTemplate": "/resource-cached",
      "templateParameters": [],
      "$ref-description": "api-management/apis/Echo_API__1[Current]/operations/GET__resource-cached.description.html",
      "request": {
        "$ref-description": null,
        "queryParameters": [
          {
            "name": "param1",
            "description": "A sample parameter that is required and has a default value of \"sample\".",
            "type": "string",
            "defaultValue": "sample",
            "required": true,
            "values": [
              "sample"
            ]
          },
          {
            "name": "param2",
            "description": "Another sample parameter, set to not required.",
            "type": "string",
            "defaultValue": null,
            "required": false,
            "values": []
          }
        ],
        "headers": [],
        "representations": []
      },
      "responses": [
        {
          "statusCode": 200,
          "$ref-description": null,
          "representations": [],
          "headers": []
        }
      ],
      "policies": null,
      "$ref-policy": "api-management/policies/apis/Echo_API__1[Current]/operations/GET__resource-cached.xml"
    }
  ],
  "apiSchemas": [],
  "__GitModuleVersion": 14
}