{
  "id": "/apis/calculator",
  "name": "Calculator",
  "apiRevision": "1",
  "$ref-description": null,
  "serviceUrl": "http://www.dneonline.com/calculator.asmx",
  "path": "calc",
  "protocols": [
    "https"
  ],
  "authenticationSettings": {
    "oAuth2": null,
    "openid": null
  },
  "subscriptionKeyParameterNames": {
    "header": "Ocp-Apim-Subscription-Key",
    "query": "subscription-key"
  },
  "type": "soap",
  "isCurrent": true,
  "operations": [
    {
      "id": "/apis/calculator/operations/5ae59990d58fb7137081530a",
      "name": "Add",
      "method": "POST",
      "urlTemplate": "/?soapAction=http://tempuri.org/Add",
      "templateParameters": [],
      "$ref-description": "api-management/apis/Calculator__1[Current]/operations/POST___soapAction=http___t1LKJKR4.description.html",
      "request": {
        "$ref-description": "api-management/apis/Calculator__1[Current]/operations/POST___soapAction=http___t1LKJKR4.request.html",
        "queryParameters": [],
        "headers": [
          {
            "name": "SOAPAction",
            "description": null,
            "type": "string",
            "defaultValue": "http://tempuri.org/Add",
            "required": false,
            "values": [
              "http://tempuri.org/Add"
            ]
          }
        ],
        "representations": [
          {
            "contentType": "application/soap+xml",
            "$ref-sample": "api-management/apis/Calculator__1[Current]/operations/POST___soapAction=http___t1LKJKR4.request.application_soap+xml.html",
            "schemaId": "f95fe83d-78fd-49aa-90ed-ec4a55f0f145",
            "typeName": "Add"
          }
        ]
      },
      "responses": [
        {
          "statusCode": 200,
          "$ref-description": "api-management/apis/Calculator__1[Current]/operations/POST___soapAction=http___t1LKJKR4.response.200.description.html",
          "representations": [
            {
              "contentType": "application/soap+xml",
              "$ref-sample": "api-management/apis/Calculator__1[Current]/operations/POST___soapAction=http___t1LKJKR4.response.200.application_soap+xml.html",
              "schemaId": "f95fe83d-78fd-49aa-90ed-ec4a55f0f145",
              "typeName": "AddResponse"
            }
          ],
          "headers": []
        }
      ],
      "policies": null
    },
    {
      "id": "/apis/calculator/operations/5ae59990d58fb7137081530d",
      "name": "Divide",
      "method": "POST",
      "urlTemplate": "/?soapAction=http://tempuri.org/Divide",
      "templateParameters": [],
      "$ref-description": null,
      "request": {
        "$ref-description": "api-management/apis/Calculator__1[Current]/operations/POST___soapAction=http___tH7R5WN.request.html",
        "queryParameters": [],
        "headers": [
          {
            "name": "SOAPAction",
            "description": null,
            "type": "string",
            "defaultValue": "http://tempuri.org/Divide",
            "required": false,
            "values": [
              "http://tempuri.org/Divide"
            ]
          }
        ],
        "representations": [
          {
            "contentType": "application/soap+xml",
            "$ref-sample": "api-management/apis/Calculator__1[Current]/operations/POST___soapAction=http___tH7R5WN.request.application_soap+xml.html",
            "schemaId": "f95fe83d-78fd-49aa-90ed-ec4a55f0f145",
            "typeName": "Divide"
          }
        ]
      },
      "responses": [
        {
          "statusCode": 200,
          "$ref-description": "api-management/apis/Calculator__1[Current]/operations/POST___soapAction=http___tH7R5WN.response.200.description.html",
          "representations": [
            {
              "contentType": "application/soap+xml",
              "$ref-sample": "api-management/apis/Calculator__1[Current]/operations/POST___soapAction=http___tH7R5WN.response.200.application_soap+xml.html",
              "schemaId": "f95fe83d-78fd-49aa-90ed-ec4a55f0f145",
              "typeName": "DivideResponse"
            }
          ],
          "headers": []
        }
      ],
      "policies": null
    },
    {
      "id": "/apis/calculator/operations/5ae59990d58fb7137081530c",
      "name": "Multiply",
      "method": "POST",
      "urlTemplate": "/?soapAction=http://tempuri.org/Multiply",
      "templateParameters": [],
      "$ref-description": null,
      "request": {
        "$ref-description": "api-management/apis/Calculator__1[Current]/operations/POST___soapAction=http___tE566M8.request.html",
        "queryParameters": [],
        "headers": [],
        "representations": [
          {
            "contentType": "application/soap+xml",
            "$ref-sample": "api-management/apis/Calculator__1[Current]/operations/POST___soapAction=http___tE566M8.request.application_soap+xml.html",
            "schemaId": "f95fe83d-78fd-49aa-90ed-ec4a55f0f145",
            "typeName": "Multiply"
          }
        ]
      },
      "responses": [
        {
          "statusCode": 200,
          "$ref-description": "api-management/apis/Calculator__1[Current]/operations/POST___soapAction=http___tE566M8.response.200.description.html",
          "representations": [
            {
              "contentType": "application/soap+xml",
              "$ref-sample": "api-management/apis/Calculator__1[Current]/operations/POST___soapAction=http___tE566M8.response.200.application_soap+xml.html",
              "schemaId": "f95fe83d-78fd-49aa-90ed-ec4a55f0f145",
              "typeName": "MultiplyResponse"
            }
          ],
          "headers": []
        }
      ],
      "policies": null
    },
    {
      "id": "/apis/calculator/operations/5ae59990d58fb7137081530b",
      "name": "Subtract",
      "method": "POST",
      "urlTemplate": "/?soapAction=http://tempuri.org/Subtract",
      "templateParameters": [],
      "$ref-description": null,
      "request": {
        "$ref-description": "api-management/apis/Calculator__1[Current]/operations/POST___soapAction=http___t3H6E6O.request.html",
        "queryParameters": [],
        "headers": [
          {
            "name": "SOAPAction",
            "description": null,
            "type": "string",
            "defaultValue": "http://tempuri.org/Subtract",
            "required": false,
            "values": [
              "http://tempuri.org/Subtract"
            ]
          }
        ],
        "representations": [
          {
            "contentType": "application/soap+xml",
            "$ref-sample": "api-management/apis/Calculator__1[Current]/operations/POST___soapAction=http___t3H6E6O.request.application_soap+xml.html",
            "schemaId": "f95fe83d-78fd-49aa-90ed-ec4a55f0f145",
            "typeName": "Subtract"
          }
        ]
      },
      "responses": [
        {
          "statusCode": 200,
          "$ref-description": "api-management/apis/Calculator__1[Current]/operations/POST___soapAction=http___t3H6E6O.response.200.description.html",
          "representations": [
            {
              "contentType": "application/soap+xml",
              "$ref-sample": "api-management/apis/Calculator__1[Current]/operations/POST___soapAction=http___t3H6E6O.response.200.application_soap+xml.html",
              "schemaId": "f95fe83d-78fd-49aa-90ed-ec4a55f0f145",
              "typeName": "SubtractResponse"
            }
          ],
          "headers": []
        }
      ],
      "policies": null
    }
  ],
  "apiSchemas": [
    {
      "id": "/apis/calculator/schemas/f95fe83d-78fd-49aa-90ed-ec4a55f0f145",
      "contentType": "application/vnd.ms-azure-apim.xsd+xml",
      "$ref-documentValue": "api-management/apis/Calculator__1[Current]/apiSchemas/f95fe83d-78fd-49aa-90ed-ec1506BPH.document"
    }
  ],
  "__GitModuleVersion": 14
}