{
  "subject": "You are approaching an API quota limit",
  "$ref-body": "api-management/templates/QuotaLimitApproachingDevel182E74/body.html",
  "title": "Developer quota limit approaching notification",
  "description": "Developers receive this email to alert them when they are approaching a quota limit.",
  "isDefault": false,
  "parameters": [
    {
      "name": "DevFirstName",
      "title": "Developer first name",
      "description": null
    },
    {
      "name": "DevLastName",
      "title": "Developer last name",
      "description": null
    },
    {
      "name": "ProdName",
      "title": "Product name",
      "description": null
    },
    {
      "name": "OrganizationName",
      "title": "Organization name",
      "description": null
    },
    {
      "name": "SubPrimaryKey",
      "title": "Primary Subscription key",
      "description": null
    },
    {
      "name": "DevPortalUrl",
      "title": "Developer portal URL",
      "description": null
    },
    {
      "name": "QuotaResetDate",
      "title": "Quota reset date",
      "description": null
    }
  ],
  "name": "/templates/QuotaLimitApproachingDeveloperNotificationMessage",
  "__GitModuleVersion": 14
}