{
  "subject": "Your application $AppName is published in the application gallery",
  "$ref-body": "api-management/templates/ApplicationApprovedNotific15MB9Z2/body.html",
  "title": "Application gallery submission approved",
  "description": "Developers who submitted their application for publication in the application gallery on the developer portal receive this email after their submission is approved.",
  "isDefault": false,
  "parameters": [
    {
      "name": "AppId",
      "title": "Application id",
      "description": null
    },
    {
      "name": "AppName",
      "title": "Application name",
      "description": null
    },
    {
      "name": "DevFirstName",
      "title": "Developer first name",
      "description": null
    },
    {
      "name": "DevLastName",
      "title": "Developer last name",
      "description": null
    },
    {
      "name": "OrganizationName",
      "title": "Organization name",
      "description": null
    },
    {
      "name": "DevPortalUrl",
      "title": "Developer portal URL",
      "description": null
    }
  ],
  "name": "/templates/ApplicationApprovedNotificationMessage",
  "__GitModuleVersion": 14
}